"section","kind","status","id","name","net_pln","gross_pln","notes"
"Pompy ciepła","Pompa ciepła","dobór systemu + wybór klienta","KIT-WC03K3E5","KIT-WC03K3E5","12200.00","13176.00","seria K, split, 3 kW, 1-fazowa, klucz ceny split_net, para AIO: KIT-ADC03K3E5"
"Pompy ciepła","Pompa ciepła","dobór systemu + wybór klienta","KIT-WC05K3E5","KIT-WC05K3E5","12700.00","13716.00","seria K, split, 5 kW, 1-fazowa, klucz ceny split_net, para AIO: KIT-ADC05K3E5"
"Pompy ciepła","Pompa ciepła","dobór systemu + wybór klienta","KIT-WC07K3E5","KIT-WC07K3E5","13500.00","14580.00","seria K, split, 7 kW, 1-fazowa, klucz ceny split_net, para AIO: KIT-ADC07K3E5"
"Pompy ciepła","Pompa ciepła","dobór systemu + wybór klienta","KIT-WC09K3E5","KIT-WC09K3E5","14700.00","15876.00","seria K, split, 9 kW, 1-fazowa, klucz ceny split_net, para AIO: KIT-ADC09K3E5"
"Pompy ciepła","Pompa ciepła","dobór systemu + wybór klienta","KIT-WC09K3E8","KIT-WC09K3E8","15500.00","16740.00","seria K, split, 9 kW, 3-fazowa, klucz ceny split400_net, para AIO: KIT-ADC09K9E8"
"Pompy ciepła","Pompa ciepła","dobór systemu + wybór klienta","KIT-WC12K9E8","KIT-WC12K9E8","17650.00","19062.00","seria K, split, 12 kW, 3-fazowa, klucz ceny split400_net, para AIO: KIT-ADC12K9E8"
"Pompy ciepła","Pompa ciepła","dobór systemu + wybór klienta","KIT-WC16K9E8","KIT-WC16K9E8","21000.00","22680.00","seria K, split, 16 kW, 3-fazowa, klucz ceny split400_net, para AIO: KIT-ADC16K9E8"
"Pompy ciepła","Pompa ciepła","dobór systemu + wybór klienta","KIT-ADC03K3E5","KIT-ADC03K3E5","17500.00","18900.00","seria K, all-in-one, 3 kW, 1-fazowa, klucz ceny aio_premium_net"
"Pompy ciepła","Pompa ciepła","dobór systemu + wybór klienta","KIT-ADC05K3E5","KIT-ADC05K3E5","18000.00","19440.00","seria K, all-in-one, 5 kW, 1-fazowa, klucz ceny aio_premium_net"
"Pompy ciepła","Pompa ciepła","dobór systemu + wybór klienta","KIT-ADC07K3E5","KIT-ADC07K3E5","18900.00","20412.00","seria K, all-in-one, 7 kW, 1-fazowa, klucz ceny aio_premium_net"
"Pompy ciepła","Pompa ciepła","dobór systemu + wybór klienta","KIT-ADC09K3E5","KIT-ADC09K3E5","20000.00","21600.00","seria K, all-in-one, 9 kW, 1-fazowa, klucz ceny aio_premium_net"
"Pompy ciepła","Pompa ciepła","dobór systemu + wybór klienta","KIT-ADC09K9E8","KIT-ADC09K9E8","22800.00","24624.00","seria K, all-in-one, 9 kW, 3-fazowa, klucz ceny aio_premium400_net"
"Pompy ciepła","Pompa ciepła","dobór systemu + wybór klienta","KIT-ADC12K9E8","KIT-ADC12K9E8","24100.00","26028.00","seria K, all-in-one, 12 kW, 3-fazowa, klucz ceny aio_premium400_net"
"Pompy ciepła","Pompa ciepła","dobór systemu + wybór klienta","KIT-ADC16K9E8","KIT-ADC16K9E8","25750.00","27810.00","seria K, all-in-one, 16 kW, 3-fazowa, klucz ceny aio_premium400_net"
"Zbiorniki CWU","Zbiornik CWU","dobór systemu + wybór klienta","cwu-emalia-150","Galmet SG(S) 150 l","2250.00","2430.00","materiał: Emalia; pozycja line item `CWU` dla pomp split"
"Zbiorniki CWU","Zbiornik CWU","dobór systemu + wybór klienta","cwu-emalia-200","Galmet SG(S) 200 l","2750.00","2970.00","materiał: Emalia; pozycja line item `CWU` dla pomp split"
"Zbiorniki CWU","Zbiornik CWU","dobór systemu + wybór klienta","cwu-emalia-250","Galmet SG(S) 250 l","2900.00","3132.00","materiał: Emalia; pozycja line item `CWU` dla pomp split"
"Zbiorniki CWU","Zbiornik CWU","dobór systemu + wybór klienta","cwu-emalia-300","Galmet SG(S) 300 l","3000.00","3240.00","materiał: Emalia; pozycja line item `CWU` dla pomp split"
"Zbiorniki CWU","Zbiornik CWU","dobór systemu + wybór klienta","cwu-emalia-400","Galmet SG(S) 400 l","3600.00","3888.00","materiał: Emalia; pozycja line item `CWU` dla pomp split"
"Zbiorniki CWU","Zbiornik CWU","dobór systemu + wybór klienta","cwu-emalia-500","Galmet SG(S) 500 l","4200.00","4536.00","materiał: Emalia; pozycja line item `CWU` dla pomp split"
"Zbiorniki CWU","Zbiornik CWU","dobór systemu + wybór klienta","cwu-inox-150","Viqtis 150 l","2800.00","3024.00","materiał: AISI 316L; pozycja line item `CWU` dla pomp split"
"Zbiorniki CWU","Zbiornik CWU","dobór systemu + wybór klienta","cwu-inox-200","Viqtis 200 l","3200.00","3456.00","materiał: AISI 316L; pozycja line item `CWU` dla pomp split"
"Zbiorniki CWU","Zbiornik CWU","dobór systemu + wybór klienta","cwu-inox-250","Viqtis 250 l","3600.00","3888.00","materiał: AISI 316L; pozycja line item `CWU` dla pomp split"
"Zbiorniki CWU","Zbiornik CWU","dobór systemu + wybór klienta","cwu-inox-300","Viqtis 300 l","4100.00","4428.00","materiał: AISI 316L; pozycja line item `CWU` dla pomp split"
"Zbiorniki CWU","Zbiornik CWU","dobór systemu + wybór klienta","cwu-inox-400","Viqtis 400 l","5200.00","5616.00","materiał: AISI 316L; pozycja line item `CWU` dla pomp split"
"Zbiorniki CWU","Zbiornik CWU","dobór systemu + wybór klienta","cwu-inox-500","Viqtis 500 l","6100.00","6588.00","materiał: AISI 316L; pozycja line item `CWU` dla pomp split"
"Zbiorniki CWU","Zbiornik CWU","wariant zerowy / brak","cwu-none","Brak zasobnika CWU","0.00","0.00","używane dla braku CWU lub AIO z wbudowanym zbiornikiem"
"Bufory CO","Bufor / sprzęgło","wariant zerowy / brak","buffer-0 / bufor-nie :: sprzeglo","Brak bufora (sprzęgło hydrauliczne)","0.00","0.00","cena zależy od hydrauliki backendowej (`setupType`)"
"Bufory CO","Bufor / sprzęgło","wariant zerowy / brak","buffer-0 / bufor-nie :: na_powrocie","Brak bufora (na powrocie)","0.00","0.00","cena zależy od hydrauliki backendowej (`setupType`)"
"Bufory CO","Bufor / sprzęgło","dobór systemu + wybór klienta","buffer-40 :: sprzeglo","Bufor 40L (sprzęgło hydrauliczne)","1250.00","1350.00","cena zależy od hydrauliki backendowej (`setupType`)"
"Bufory CO","Bufor / sprzęgło","dobór systemu + wybór klienta","buffer-40 :: na_powrocie","Bufor 40L (na powrocie)","650.00","702.00","cena zależy od hydrauliki backendowej (`setupType`)"
"Bufory CO","Bufor / sprzęgło","dobór systemu + wybór klienta","buffer-60 :: sprzeglo","Bufor 60L (sprzęgło hydrauliczne)","1250.00","1350.00","cena zależy od hydrauliki backendowej (`setupType`)"
"Bufory CO","Bufor / sprzęgło","dobór systemu + wybór klienta","buffer-60 :: na_powrocie","Bufor 60L (na powrocie)","650.00","702.00","cena zależy od hydrauliki backendowej (`setupType`)"
"Bufory CO","Bufor / sprzęgło","dobór systemu + wybór klienta","buffer-80 :: sprzeglo","Bufor 80L (sprzęgło hydrauliczne)","1300.00","1404.00","cena zależy od hydrauliki backendowej (`setupType`)"
"Bufory CO","Bufor / sprzęgło","dobór systemu + wybór klienta","buffer-80 :: na_powrocie","Bufor 80L (na powrocie)","700.00","756.00","cena zależy od hydrauliki backendowej (`setupType`)"
"Bufory CO","Bufor / sprzęgło","dobór systemu + wybór klienta","buffer-100 :: sprzeglo","Bufor 100L (sprzęgło hydrauliczne)","1750.00","1890.00","cena zależy od hydrauliki backendowej (`setupType`)"
"Bufory CO","Bufor / sprzęgło","dobór systemu + wybór klienta","buffer-100 :: na_powrocie","Bufor 100L (na powrocie)","1150.00","1242.00","cena zależy od hydrauliki backendowej (`setupType`)"
"Bufory CO","Bufor / sprzęgło","dobór systemu + wybór klienta","buffer-120 :: sprzeglo","Bufor 120L (sprzęgło hydrauliczne)","1900.00","2052.00","cena zależy od hydrauliki backendowej (`setupType`)"
"Bufory CO","Bufor / sprzęgło","dobór systemu + wybór klienta","buffer-120 :: na_powrocie","Bufor 120L (na powrocie)","1250.00","1350.00","cena zależy od hydrauliki backendowej (`setupType`)"
"Bufory CO","Bufor / sprzęgło","dobór systemu + wybór klienta","buffer-140 :: sprzeglo","Bufor 140L (sprzęgło hydrauliczne)","2050.00","2214.00","cena zależy od hydrauliki backendowej (`setupType`)"
"Bufory CO","Bufor / sprzęgło","dobór systemu + wybór klienta","buffer-140 :: na_powrocie","Bufor 140L (na powrocie)","1400.00","1512.00","cena zależy od hydrauliki backendowej (`setupType`)"
"Bufory CO","Bufor / sprzęgło","dobór systemu + wybór klienta","buffer-150 :: sprzeglo","Bufor 150L (sprzęgło hydrauliczne)","2050.00","2214.00","cena zależy od hydrauliki backendowej (`setupType`)"
"Bufory CO","Bufor / sprzęgło","dobór systemu + wybór klienta","buffer-150 :: na_powrocie","Bufor 150L (na powrocie)","1400.00","1512.00","cena zależy od hydrauliki backendowej (`setupType`)"
"Bufory CO","Bufor / sprzęgło","dobór systemu + wybór klienta","buffer-200 :: sprzeglo","Bufor 200L (sprzęgło hydrauliczne)","2150.00","2322.00","cena zależy od hydrauliki backendowej (`setupType`)"
"Bufory CO","Bufor / sprzęgło","dobór systemu + wybór klienta","buffer-200 :: na_powrocie","Bufor 200L (na powrocie)","1500.00","1620.00","cena zależy od hydrauliki backendowej (`setupType`)"
"Bufory CO","Bufor / sprzęgło","dobór systemu + wybór klienta","buffer-300 :: sprzeglo","Bufor 300L (sprzęgło hydrauliczne)","2450.00","2646.00","cena zależy od hydrauliki backendowej (`setupType`)"
"Bufory CO","Bufor / sprzęgło","dobór systemu + wybór klienta","buffer-300 :: na_powrocie","Bufor 300L (na powrocie)","1800.00","1944.00","cena zależy od hydrauliki backendowej (`setupType`)"
"Bufory CO","Bufor / sprzęgło","dobór systemu + wybór klienta","buffer-400 :: sprzeglo","Bufor 400L (sprzęgło hydrauliczne)","2850.00","3078.00","cena zależy od hydrauliki backendowej (`setupType`)"
"Bufory CO","Bufor / sprzęgło","dobór systemu + wybór klienta","buffer-400 :: na_powrocie","Bufor 400L (na powrocie)","2200.00","2376.00","cena zależy od hydrauliki backendowej (`setupType`)"
"Bufory CO","Bufor / sprzęgło","dobór systemu + wybór klienta","buffer-500 :: sprzeglo","Bufor 500L (sprzęgło hydrauliczne)","3050.00","3294.00","cena zależy od hydrauliki backendowej (`setupType`)"
"Bufory CO","Bufor / sprzęgło","dobór systemu + wybór klienta","buffer-500 :: na_powrocie","Bufor 500L (na powrocie)","2400.00","2592.00","cena zależy od hydrauliki backendowej (`setupType`)"
"Bufory CO","Bufor / sprzęgło","dobór systemu + wybór klienta","buffer-800 :: sprzeglo","Bufor 800L (sprzęgło hydrauliczne)","3900.00","4212.00","cena zależy od hydrauliki backendowej (`setupType`)"
"Bufory CO","Bufor / sprzęgło","dobór systemu + wybór klienta","buffer-800 :: na_powrocie","Bufor 800L (na powrocie)","3300.00","3564.00","cena zależy od hydrauliki backendowej (`setupType`)"
"Bufory CO","Bufor / sprzęgło","dobór systemu + wybór klienta","buffer-1000 :: sprzeglo","Bufor 1000L (sprzęgło hydrauliczne)","4750.00","5130.00","cena zależy od hydrauliki backendowej (`setupType`)"
"Bufory CO","Bufor / sprzęgło","dobór systemu + wybór klienta","buffer-1000 :: na_powrocie","Bufor 1000L (na powrocie)","4100.00","4428.00","cena zależy od hydrauliki backendowej (`setupType`)"
"Widoczne opcje klienta","Cyrkulacja CWU","wybór klienta","cyrkulacja-tak","Z cyrkulacją CWU","350.00","378.00","line item `ACCESSORY_CIRCULATION`"
"Widoczne opcje klienta","Cyrkulacja CWU","wybór klienta","cyrkulacja-nie","Bez cyrkulacji","0.00","0.00","wariant zerowy"
"Widoczne opcje klienta","Service","wybór klienta","service-cloud","Service Cloud","0.00","0.00","line item `ACCESSORY_SERVICE_CLOUD`"
"Widoczne opcje klienta","Posadowienie","wybór klienta","posadowienie-grunt","Fundament przygotowany samodzielnie","0.00","0.00","wariant bez dopłaty; fundament po stronie inwestora"
"Widoczne opcje klienta","Posadowienie","wybór klienta","posadowienie-sciana","Montaż na konsoli ściennej","300.00","324.00","line item `ACCESSORY_FOUNDATION_WALL`"
"Widoczne opcje klienta","Posadowienie","wybór klienta","posadowienie-eko","Montaż na stojaku","600.00","648.00","line item `ACCESSORY_FOUNDATION_ECO`"
"Widoczne opcje klienta","Reduktor ciśnienia","wybór klienta","reduktor-tak","Z reduktorem ciśnienia","400.00","432.00","line item `ACCESSORY_PRESSURE`"
"Widoczne opcje klienta","Reduktor ciśnienia","wybór klienta","reduktor-nie","Bez reduktora ciśnienia","0.00","0.00","wariant zerowy"
"Widoczne opcje klienta","Uzdatnianie wody","wybór klienta","woda-tak","Stacja kompleksowa","4500.00","4860.00","line item `ACCESSORY_WATER_SOFTENER`"
"Widoczne opcje klienta","Uzdatnianie wody","wybór klienta","woda-filtr","Filtracja podstawowa","200.00","216.00","line item `ACCESSORY_WATER_FILTER`"
"Widoczne opcje klienta","Uzdatnianie wody","wybór klienta","woda-nie","Bez uzdatniania","0.00","0.00","wariant zerowy"
"Narzuty systemowe","Część narzucana przez system","backend / automatycznie doliczane","HYDRAULIC :: split","Komponenty hydrauliczne dla split","3700.00","3996.00","line item `HYDRAULIC` dla pomp split"
"Narzuty systemowe","Część narzucana przez system","backend / automatycznie doliczane","HYDRAULIC :: all-in-one","Komponenty hydrauliczne dla AIO","2700.00","2916.00","line item `HYDRAULIC` dla pomp AIO"
"Narzuty systemowe","Robocizna","backend / automatycznie doliczane","INSTALLATION","Montaż instalacji","11000.00","11880.00","line item `INSTALLATION` przy wybranej pompie"
"Pozycje w katalogu, dziś niewystawione w aktualnym UI","Akcesorium","katalog only / poza aktywnym runtime","magnetic_filter_standard","Filtr magnetyczny standard","0.00","0.00","pozycja pozostaje w kanonicznym pricebooku, ale nie bierze juz udzialu w aktywnym runtime kalkulatora"
"Pozycje w katalogu, dziś niewystawione w aktualnym UI","Akcesorium","katalog only / poza aktywnym runtime","magnetic_filter_premium","Filtr magnetyczny premium","1200.00","1296.00","pozycja pozostaje w kanonicznym pricebooku, ale nie bierze juz udzialu w aktywnym runtime kalkulatora"
"Pozycje w katalogu, dziś niewystawione w aktualnym UI","Akcesorium","katalog only / poza aktywnym runtime","hydro_safety_standard","Zabezpieczenia hydrauliczne standard","0.00","0.00","pozycja pozostaje w kanonicznym pricebooku, ale nie bierze juz udzialu w aktywnym runtime kalkulatora"
"Pozycje w katalogu, dziś niewystawione w aktualnym UI","Akcesorium","katalog only / poza aktywnym runtime","hydro_safety_extended","Zabezpieczenia hydrauliczne extended","1500.00","1620.00","pozycja pozostaje w kanonicznym pricebooku, ale nie bierze juz udzialu w aktywnym runtime kalkulatora"
"Pozycje w katalogu, dziś niewystawione w aktualnym UI","Usługa / chemia","katalog only / poza aktywnym runtime","flushing_standard","Płukanie instalacji + inhibitor standard","800.00","864.00","pozycja pozostaje w kanonicznym pricebooku, ale nie bierze juz udzialu w aktywnym runtime kalkulatora"
"Pozycje w katalogu, dziś niewystawione w aktualnym UI","Usługa / chemia","katalog only / poza aktywnym runtime","flushing_premium","Płukanie instalacji + inhibitor premium","1200.00","1296.00","pozycja pozostaje w kanonicznym pricebooku, ale nie bierze juz udzialu w aktywnym runtime kalkulatora"
"Pozycje w katalogu, dziś niewystawione w aktualnym UI","Elektryka","katalog only / poza aktywnym runtime","electrical_standard","Zasilanie elektryczne standard","0.00","0.00","pozycja pozostaje w kanonicznym pricebooku, ale nie bierze juz udzialu w aktywnym runtime kalkulatora"
"Pozycje w katalogu, dziś niewystawione w aktualnym UI","Odwodnienie","katalog only / poza aktywnym runtime","skropliny-z-grzalka","Odprowadzenie skroplin z grzałką","1000.00","1080.00","pozycja pozostaje w kanonicznym pricebooku, ale nie ma aktywnej sciezki runtime ani mapowania DTO"
"Pozycje w katalogu, dziś niewystawione w aktualnym UI","Odwodnienie","katalog only / poza aktywnym runtime","bez","Brak odwodnienia / bez grzałki","0.00","0.00","wariant katalogowy poza aktywnym runtime; brak mapowania DTO i brak wplywu na oferte"
